<?xml version="1.0"?>
<config xmlns:xsi="http://www.w3.org/2001/XMLSchema-instance" xsi:noNamespaceSchemaLocation="urn:magento:module:Magento_Config:etc/system_file.xsd">
    <system>
        <tab id="multicustomtab" translate="label" sortOrder="10">
            <label>MultiCustomTab</label>
        </tab>
        <section id="multicustomtabsetting" translate="label" sortOrder="10" showInDefault="1" showInWebsite="1" showInStore="1">
            <class>separator-top</class>
            <label>MultiCustomTab Setting For Product Detail Page</label>
            <tab>multicustomtab</tab>
            <resource>Commercepundit_Multicustomtab::multicustomtabsetting_configuration</resource>
            <group id="general" translate="label" type="text" sortOrder="1" showInDefault="1" showInWebsite="1" showInStore="1">
                <label>General Configuration</label>
                <field id="enable" translate="label" type="select" sortOrder="1" showInDefault="1" showInWebsite="1" showInStore="1">
                    <label>Enable</label>
                    <source_model>Magento\Config\Model\Config\Source\Yesno</source_model>
                </field>
                <field id="blockcollection" translate="label comment" sortOrder="6" type="select" showInDefault="1" showInWebsite="1" showInStore="1">
                    <label>Select Block</label>
                    <!-- source model which we created for drop down options -->
                    <source_model>Commercepundit\Multicustomtab\Model\Config\Source\Options</source_model>
                </field>
                <field id="blockallow" translate="label" type="multiselect" sortOrder="2" showInDefault="1" showInWebsite="1" showInStore="1" canRestore="1">
                    <label>Allow CustomTab</label>
                    <source_model>Commercepundit\Multicustomtab\Model\Config\Source\Customtaboptions</source_model>
                    <can_be_empty>1</can_be_empty>
                </field>
            </group>
        </section>
    </system>
</config>