<?xml version="1.0"?>
<config xmlns:xsi="http://www.w3.org/2001/XMLSchema-instance" xsi:noNamespaceSchemaLocation="urn:magento:framework:ObjectManager/etc/config.xsd">
    <preference for="Commercepundit\Multicustomtab\Api\MultitabInterface" type="Commercepundit\Multicustomtab\Model\Multitab"/>
    <type name="Magento\Framework\View\Element\UiComponent\DataProvider\CollectionFactory">
        <arguments>
            <argument name="collections" xsi:type="array">
                <item name="multicustomtab_index_listing_data_source" xsi:type="string">Commercepundit\Multicustomtab\Model\ResourceModel\Multicustomtab\Grid\Collection</item>
            </argument>
        </arguments>
    </type>
    <type name="Commercepundit\Multicustomtab\Model\ResourceModel\Multicustomtab\Grid\Collection">
        <arguments>
            <argument name="mainTable" xsi:type="string">commercepundit_multicustomtab</argument>
            <argument name="eventPrefix" xsi:type="string">multicustomtab_grid_collection</argument>
            <argument name="eventObject" xsi:type="string">multicustomtab_collection</argument>
            <argument name="resourceModel" xsi:type="string">Commercepundit\Multicustomtab\Model\ResourceModel\Multicustomtab</argument>
        </arguments>
    </type>
    <virtualType name="MulticustomtabGirdFilterPool" type="Magento\Framework\View\Element\UiComponent\DataProvider\FilterPool">
        <arguments>
            <argument name="appliers" xsi:type="array">
                <item name="regular" xsi:type="object">Magento\Framework\View\Element\UiComponent\DataProvider\RegularFilter</item>
                <item name="fulltext" xsi:type="object">Magento\Framework\View\Element\UiComponent\DataProvider\FulltextFilter</item>
            </argument>
        </arguments>
    </virtualType>
    <virtualType name="MulticustomtabGridDataProvider" type="Magento\Framework\View\Element\UiComponent\DataProvider\DataProvider">
        <arguments>
            <argument name="collection" xsi:type="object" shared="false">Commercepundit\Multicustomtab\Model\ResourceModel\Multicustomtab\Collection</argument>
            <argument name="filterPool" xsi:type="object" shared="false">MulticustomtabGirdFilterPool</argument>
        </arguments>
    </virtualType>
</config>